netzabschnitts_id,velocity_15,velocity_50,velocity_65,velocity_75,velocity_85,avg_velocity
116,82.92925429470702,85.6091176401365,86.3130300806498,86.84274171346088,87.56939713007372,84.4957712560912
164,83.31862040403696,85.36612212684157,86.06793167465382,86.58613208100022,87.31164308027164,85.41870251894127
20,79.2728600501589,86.5688026440881,87.55015735442463,88.31723174395471,89.71455798698479,84.79383343166376
146,81.75604818408125,84.56667108685699,85.34859124799944,85.93433358889263,86.73321013992367,83.58670305272501
262,76.02662210827017,81.17105698098355,82.58138757331285,83.62850938618767,84.95012422315202,79.70353207611403
460,78.76328215372361,85.03796704891795,85.80392559645597,86.32018901081314,86.95941915346405,83.25799535739552
685,82.03986662139033,85.46883169202877,86.26648011262371,86.82458708889669,87.53038274142524,84.91158526346115
712,81.14272568688486,85.47938854096519,86.4869270822437,87.16754494870173,88.06724417552316,84.73788513576878
724,81.93420790713601,85.24128434965905,86.18125041844485,86.86960019870918,87.79501054242387,84.74283816199785
3,84.8833027771594,88.90364909953854,91.39417841181752,93.8526674722838,97.00603258383259,90.47296301497138
38,76.06135055669618,83.12387222064858,84.9312099181921,86.07471086022281,87.52337769162699,82.30952831978716
402,82.080170076095,89.10467746567579,92.17155453009781,94.58729560035263,97.59948628240095,89.53824212646413
36,84.29219036401042,86.53836731527403,87.31035825959817,87.97494292625325,89.15106821327763,86.96375036728601
152,77.49769173035193,83.77599017654693,84.92453735397027,85.71166817516429,86.71635018267223,82.48715046178448
316,79.69381872085022,86.26307488202819,87.21273806122758,87.8793489923732,88.8622548641359,83.84659622356223
447,82.0999469969091,85.30783843077295,86.13222287995295,86.74200284112653,87.60137428191649,84.87161600269036
737,83.3149923658052,85.72875469560553,86.4961916360219,87.0695253899777,87.87408043659978,85.72324930329407
304,78.65859961698176,86.0044095161385,87.27214854955827,88.24210303393043,90.03862322048708,84.60442337051339
622,84.46163134310673,86.50508761459255,87.24810220935584,87.90608390296579,89.07047002959713,86.78924608174921
708,81.55269266021554,85.14348013636102,86.15541091307718,86.8589547247542,87.74898217994017,84.69024506249542
461,81.63834936781669,84.35869328299874,85.09103237701781,85.61538764900355,86.28346302610548,83.44430758295931
648,78.97443561934305,84.39230562895104,85.54446427721625,86.36902278351064,87.34917751127777,83.37286518895417
6,79.60514555252199,85.09168411779534,86.43284248464218,87.27216127522098,88.30084652576932,84.37544070695448
740,84.18414634262903,85.88013658747957,86.5220357894843,87.02241583555268,87.69883772025076,86.00396556309563
293,79.45275014001147,84.13172701422177,85.52581540856772,86.6927136366837,88.38665024780799,83.1010730150279
294,82.26925836534701,84.78164273560907,86.0650745319652,87.66175746660147,90.92131373492742,86.2885722917214
651,83.02263897711616,85.36213133267242,86.14162927442788,86.70675591713378,87.40887931278981,85.18730885469327
186,83.1280565844421,85.76253203870927,86.60994505812354,87.26942668637601,88.25746016898141,85.81367355424646
185,83.65087417450042,85.92128385631098,86.77586204633293,87.49841835580375,88.96200162006258,86.1426063386313
608,81.8957585117417,84.94392049959988,85.82632808613693,86.48619396452662,87.37444821609651,84.09871434545784
629,78.0254995550489,85.46256956920972,86.71138768442322,87.4998415184872,88.45851972929057,83.27552695707331
105,71.06723534738039,83.52287227382604,85.09174200282217,85.84931963025356,86.62110967137716,78.02965500519397
178,82.82637264034831,86.38550864606968,87.55885740781495,88.48420199736722,90.19097236369909,87.36306327531926
436,79.29038236955033,84.23731783467257,85.6882304301212,86.67308898259871,87.9250758522044,84.01369264002581
68,79.48499329087824,85.97202656863892,86.92311836933004,87.60578823265922,88.67494199171355,84.06220218145232
691,57.931608703095094,65.44122686315723,68.10125186700934,70.0406209503307,72.2617149716136,64.5866136646573
12,81.2399095035476,86.49461887607566,87.53726830801914,88.33470761633374,89.87451208806024,85.96916539177994
201,81.91042934447387,85.51991389307973,86.5382954862271,87.3168574040069,88.54047373917706,83.96837225486819
223,74.80163380868906,83.9437393093223,85.63865893335624,86.86995506135291,88.76300858769069,81.4597712832333
451,81.34036036040716,84.54651859320379,85.3086918778575,85.85754057085732,86.64200737339537,83.3055655583604
82,85.4309537593,86.79109467820093,87.26240419435756,87.64684211832578,88.22728458794444,86.59257830139711
311,63.10763702453699,71.9947309240497,78.12473844402548,81.0647364222556,83.55174035172742,72.16454797708761
210,82.0210263728059,84.85274454468133,85.8039263473125,86.57368505376016,87.76644340795531,84.7050777760682
586,85.32984393201967,87.24083186887444,87.89809583490056,88.45480599123925,89.28661991780314,87.27377348952564
658,80.85690138587556,85.47302313727876,86.36497538416272,87.02452452671284,88.04067255031836,83.77170418616844
697,71.54423443908297,80.52439035260518,82.40222530006433,83.76034610586044,85.26694581840867,77.37764114480167
415,82.75133424794929,86.46710686852722,88.03041829917426,89.85849246861677,93.33462840239989,87.70615394153278
76,82.83906208988188,85.19565581402404,85.99111189622444,86.601577310549,87.5246780828644,84.21677774045665
433,82.72409877067304,86.67550589675412,88.31196054758597,90.23609223218033,93.29008379676479,87.10468767216138
41,71.18026947566398,80.19921865235277,82.63610573171842,84.32703236929954,86.31036466550982,79.07082506031426
499,80.58956997642088,85.47823513747885,86.72352883851812,87.56702257624568,88.86042397501599,85.13925249366255
705,77.98265227518866,81.785945258567,82.86296468527975,83.64937906668759,84.66049607153934,81.37590519276124
739,83.68293038318684,85.98006492796908,86.72014780898081,87.24340904118787,87.9523732225851,85.90726496410943
484,79.65772694642341,85.63775472006418,86.94079966585436,87.89848609055842,89.54492772120668,84.83553012719041
420,71.51994595806055,80.56205417201006,83.7021311851685,85.86996488945121,88.64519926192946,80.64051544727243
73,83.14757932516625,85.6102936891255,86.35857676711738,86.87793171389274,87.63158302338596,85.24118491975014
98,78.98803559335788,86.63550458435888,89.02085775092927,91.22433996270179,94.25416712893123,86.13437281164131
142,84.16121434438197,86.36497247267462,86.9781988100747,87.43230371024394,88.14031576734467,86.0134871814168
633,83.40577577589616,85.75777590860478,86.43450368951147,86.93837314664556,87.63916093487614,85.69320655660789
109,82.93406890981775,85.60238436421689,86.34054002038603,86.82055791161045,87.42482491553031,84.37716185190399
274,76.81868844870203,82.46820363073024,84.45249643053828,86.09652182976163,88.30143871143923,82.64445918446924
215,72.36644426992959,81.75296003561263,84.00965907610077,85.38900509680104,87.01375941614216,79.41030234085659
642,71.23843335619566,81.4706220093945,84.57383430795457,86.53063618775083,88.6681526541818,79.00785068966931
761,80.90093626656802,85.74046112495543,87.06011088074133,88.15265804359836,90.1385888450519,85.69818202512108
218,76.85780131191083,84.17813955465132,86.23538103667948,87.48934682550316,89.28155905163169,82.87591922353019
488,82.11953647287966,85.48719982032173,86.67601096343986,87.70446819956204,89.52231654868135,85.78236848639585
624,82.58178099957618,86.14150006985918,86.96963262588741,87.6119777196001,88.78917601475558,84.16970558174468
416,73.69190038014722,80.05786721854503,82.84443984829444,85.94752023460896,90.98910892949363,82.0604889774034
541,84.82992947699789,87.5705361858831,88.43078839936501,89.13046293444671,90.19491331459292,85.25709408333624
69,83.28965190318503,86.62622564240915,87.46162431041017,88.21711189016318,89.70303976585309,86.68897048794618
614,82.99898401439779,86.19149448991593,87.12562837462254,87.87424629323831,89.06328839154483,85.47233987002998
89,80.49366731341406,85.38378161926806,86.32181237875645,86.88994428996541,87.62747787975486,84.12432730756595
671,81.03999893996189,85.92496129139508,87.79663268317769,89.7906698978572,92.82546084500167,85.65419666565883
665,49.95982141972725,70.27166717929123,73.94305484538805,76.44425597079301,79.44457529373327,66.17506899444454
58,83.4409020541378,86.42170654010953,87.5360311055632,88.59766807805536,90.57006594709814,86.69706447143504
529,83.72257696766988,86.13502253783284,86.94243862303793,87.57496218278803,88.52257529000909,85.81105271170459
757,82.49732555994429,85.63631570922115,86.56848784806115,87.24212305935687,88.36188636144918,85.79712817367802
94,74.01300233142527,84.08163297333263,86.14672100275317,87.36973451305488,88.74928557206316,81.39184793082836
559,84.36292196604968,86.99907399000331,88.23342840655982,89.81092903339115,93.72986216875093,87.8937775372555
678,82.45270303508987,86.57468144178776,87.57096467001648,88.20926116309953,89.89920267025158,85.749560504059
722,81.27722485954037,85.05118482760041,86.0627117823832,86.71311463639748,87.47952396579383,83.62189631905507
147,80.65825216014721,84.98142010039071,85.77100832160009,86.40198672444262,87.36842517228811,82.21871851699169
570,71.2561424966093,78.26280462981323,81.03438477187399,83.1520845728883,85.81082715094229,77.8668235127375
477,78.609396398699,85.30174782795487,87.55860055852283,89.39134450673119,91.81047842517788,85.08103528613356
226,78.56026673089713,83.6864976897141,85.08193865091972,86.18184646159774,87.98542596477463,82.87610907852492
227,75.43623461045051,82.48554697700416,83.955386069099,85.04649412668732,86.638265735665,81.43861023132848
148,81.49200409447265,84.88659507555714,85.63043730305536,86.1257445605215,86.74311987825912,84.00553214829844
260,76.9279290242729,83.18966336067994,84.52384822106995,85.44175483417736,86.61977045318983,81.175010758973
106,79.27574072858457,83.64920040157683,84.68417868788528,85.37189292811946,86.14601095094199,82.11575170826447
542,83.08277330081958,86.10810503967116,87.05014408809906,87.79270968241414,88.93236655360685,85.9534162300801
753,84.16645881007581,86.04960904908562,86.60355005791259,87.02275936327058,87.60347611562119,85.51853260458603
400,79.07244294830149,87.6081849145381,91.94812593483516,95.59929772585788,100.22138704119901,89.05124835455645
516,83.10557020070134,87.0782378243654,88.65022763882712,90.1018749060551,92.27396386469832,87.37035384058017
549,84.07454355672158,86.62457831263842,87.41013222408246,88.04819632201807,89.05230105531608,86.7736640921996
300,79.46520270408921,85.94552434695086,87.22970407045149,88.12906866610582,89.5496981619037,84.44528786412211
623,84.51239851424822,86.62134173471888,87.27125352339215,87.84856269317196,88.90305962097626,85.89910490355832
744,79.43568778407557,84.47046178044319,85.42227826236451,86.09552668973338,86.91631781787909,83.30758647743373
278,64.68791935979229,82.89984904554181,84.9050856807428,86.54423928823537,88.57681265025415,77.63136224582293
25,83.88530330511067,86.9534552158098,87.62198862506867,88.2547040339887,89.47086206409394,87.29861479204034
750,84.36971649662998,86.51996214337599,87.20552958921421,87.75894918829954,88.6643239916787,86.4175422082555
99,78.41014861020689,86.23060759773746,87.98702726306438,89.5363185356048,92.00166106680268,85.02595825338665
87,82.96109734031234,85.64302343472694,86.44407314386727,87.0301760272034,87.89931659843002,85.17402599340375
133,84.78634265500476,86.4753032322348,87.06874905170065,87.60551524841793,88.52030549480003,86.46574788621503
21,79.63610401558195,86.76335107017943,87.79288309956328,88.59778417937994,89.73804915359578,85.56960565291539
698,78.97732521717505,84.8275622386014,85.74714462293824,86.36690201605542,87.1788868883365,83.5690706334219
727,82.87665953181065,85.32547165263344,86.20689651953933,86.9107708756872,87.92442404375657,85.3685902335649
100,83.08888275625507,86.18716647155048,86.95060640607177,87.41797301570422,88.11868153790175,85.92289294265608
269,82.97754646013566,86.2901406697853,87.65971219254342,89.11282056340256,91.37362167614958,86.3330077674821
605,82.36167098186223,84.93598415660809,85.83373250322701,86.48557325904159,87.30790782073414,84.06019523716654
714,79.35809752076872,85.4253961870434,86.4202062877139,87.08286108810834,88.0656404628287,84.33805919294377
121,85.12868537763434,88.87879121771167,91.14585859404512,93.04263553541138,95.47705619856762,89.8298311673639
219,69.86962618350395,83.3691602081899,85.712944083553,86.86821267085615,88.8417116013588,79.7895689568535
743,80.11196720413781,84.1499832996699,85.20451434899431,85.97109988060203,86.84281768245167,83.64585428545826
221,70.1611583603192,81.77919501325476,84.0438029547696,85.74408161494213,87.94246094887687,78.61817929413974
276,78.78612758050247,85.09646867339184,87.4382947561449,89.57694152124144,92.78969188052892,84.77225922538102
247,74.9317787486724,83.01086283017331,84.23850424677384,85.04319779596214,86.01300514149202,81.08060692512218
721,81.94310488282602,86.84014041716003,88.14599829151923,89.05956726031648,90.57509171512538,86.67195313728081
435,71.49286647773616,80.68539672105518,82.7847979681411,84.11815016504285,85.5925203582506,78.85465308357479
1,82.12030399943124,86.70851631211735,87.58808984717852,88.22865945696515,89.2824158423755,85.9232174179028
555,68.0674381978207,81.04705205283555,85.74489291809047,87.41220056698499,89.70621252598845,79.6329376165837
638,80.54793362238999,85.53247426168775,86.48553593693153,87.14692218060404,88.04426698230152,84.61169872511863
730,84.4859997348376,86.11625873811855,86.71472316452943,87.18122719697054,87.85397213048017,86.16059493733556
449,84.4277994465314,86.09785686434692,86.721195753887,87.24241899854675,88.16486099648456,86.3242720023907
305,83.05882026878197,86.18262174746127,87.32541794281691,88.20813675207968,89.73613858868237,86.3050274537286
707,79.38175899912609,84.67009972833284,85.77582928345606,86.51729464052303,87.50008659755079,83.8500602239951
157,82.26233311318681,84.73839993746118,85.68489198581304,86.4662434146206,87.6657412693755,84.80634415722284
431,77.28299453957615,84.356996987238,85.77937743826165,86.88126681490172,88.68117344243828,81.68345769318553
245,82.59286902488851,85.95440289165587,87.0404134310948,87.96025565463894,89.57835657753807,86.11383535849222
302,75.11397053788248,83.93480942749402,85.20869279961637,86.15927508200295,87.25047123930224,81.14393230271345
493,81.3500750708384,88.22878504388751,91.25629933022755,93.79380089357322,96.81099646092964,88.54951327292457
746,81.06418892925836,85.70878684062161,86.44254359343677,86.96387855655328,87.672621312594,84.36549412063489
562,85.03706661830363,87.41273653621393,88.24530250462675,89.0298473471673,90.55830924423474,87.87951134112498
123,82.64926827444799,85.04111909063674,86.01384185430102,86.66442990112509,87.37326454254875,85.11573899252227
214,66.74490453122569,80.32821447799725,82.70194801551763,84.15473830231883,85.86476740362394,76.39459206714474
483,77.55903485876888,83.60375137276505,85.21397034945629,86.2442963050457,87.33350935864377,82.91611402844208
414,83.51048559941259,87.2631129274383,88.97453465756816,90.88968912806246,94.08712065415601,88.3733033337049
233,83.00600056205066,85.73402322530994,86.49064423229223,87.06226718480939,87.97022099415133,84.7075441494052
759,82.85060484471131,85.82450038573455,86.66912934789693,87.3113664023231,88.4290090337635,85.44769363776956
263,77.77361002702344,82.10968577499338,83.25419454745985,84.19842695115497,85.66511557938902,80.42862269708345
672,79.63603523992926,87.36234461938193,90.39045930170535,92.75516264106717,95.65337240038485,86.90822722816193
666,81.7002484765643,85.64578916983807,87.16650545490234,88.73741764162968,91.61738175597247,86.25767390857503
674,75.69027132082483,84.10441311527424,86.60796817846632,88.31242860350216,91.48125160093656,81.35496539544124
141,82.6812572252395,85.19201307298961,86.06728596458342,86.71348615997842,87.56319958846485,85.13797209550613
625,82.03818296169855,85.09200495925579,85.90537365306264,86.50641331192116,87.27863225108266,84.03478753309804
78,84.256666738891,86.01928523308932,86.67351770977108,87.18689360571693,87.97007974137325,86.21014154650568
95,77.601666665403,83.77451874704708,85.37918299668526,86.36805507687161,87.36465257099836,82.79860614527583
404,79.05216493749757,84.9244084369267,86.27972283703305,87.39335170054187,89.25530010745486,82.84255534364709
532,82.71375429160398,86.12904167461521,86.88369563321346,87.49171041001546,88.4072248124079,84.82872676228189
291,72.8189314185,83.47982156725844,84.75677939169582,85.70999184018652,87.10152409038228,80.12738943111752
417,80.194345778838,87.02746427401881,89.56828305147859,93.1529149302292,98.34349277178293,88.72331797451325
519,83.56324712897184,85.84740866094792,86.70547061851504,87.35988334915652,88.31286652292575,86.10795241979137
411,68.57135088250496,81.263273947373,82.95610599984101,84.01597623346215,85.21835627712281,77.72847462985222
252,77.87003407201709,84.10786034818977,85.17112379326858,85.92060748957442,86.8756121018946,81.34446401145776
150,83.61212243628549,85.74589754068136,86.47460605590426,87.01899282638904,87.8310986940002,86.00336488499514
159,82.68390675332797,85.67447343278242,86.65537173800206,87.44626031286401,88.73839516043493,85.51380530062379
167,78.99919010777002,83.32174350145854,84.3526630247764,85.09541207210671,86.04545583936907,81.36249534655859
579,82.94572565412537,85.94854808343382,86.70541549817705,87.24837623718255,88.00122029505316,85.19260722264738
639,81.10932517460876,85.42433959061523,86.36017616750553,87.0310723551584,87.94932334537036,84.42181439011645
692,73.65489972656579,81.75341427716153,83.51862339732364,84.62664930910863,85.85146340588037,80.23316836875105
504,78.86608976927532,84.73197307854687,86.28979786366625,87.17573519816304,88.38068907266494,84.31755709602773
556,80.53517595892517,86.31776468166363,87.30339306932423,87.98939553632259,88.93076456152296,84.73152287837667
128,82.02188707533752,84.56330000436239,85.32623670594153,85.89804667485691,86.61838023947794,84.23456096620248
125,82.59729002971496,84.48276407526083,85.28543164557739,85.91007096037897,86.70302082285603,84.7411116049351
309,80.66317187050751,85.3129324084188,86.2723858987349,86.92016293578273,87.71860431638555,83.91518190167481
553,82.77527166695565,87.14680532378068,88.44147606400104,89.68917374751294,92.28768373145402,87.54053825594173
597,81.42045064770846,84.4258741884832,85.36852463246245,86.05119376606908,86.91393633267103,83.93800899181453
655,81.63213819254199,84.95959569027977,85.81628389165667,86.42404424260037,87.20177135534654,83.17619258498077
657,79.8313016881928,84.76874652633835,86.00951150332342,86.8507639804982,88.00987484450665,83.87018077988476
646,83.23923895638664,86.23349664281776,87.0088167505913,87.57960941998175,88.38226828362312,85.78821069310843
466,79.7532978983724,84.20593154776282,85.33188104006142,86.11782675607498,87.14408291511438,83.26583426808602
583,83.76891522098767,86.31503998963618,86.9861718911397,87.4870512691281,88.19789720036918,85.89830564890727
662,84.16938055439232,86.38509613146758,87.06554772599732,87.56673392684762,88.27845914934805,86.46841353905198
652,78.33288422460359,84.72636323706078,86.06351515461851,86.880808498491,87.85383933548569,83.6596270489477
239,79.71314740067422,85.59685210916258,86.64845920805718,87.48005329186185,88.88907433023313,83.00620249689327
445,76.46074428298321,84.27601457303372,85.51520981342671,86.30112902068967,87.18393858654129,82.25210079122263
538,70.65075130041392,82.71171038373213,84.86533297078131,86.00804964879745,87.23630608811494,78.96419688385917
195,83.7880980967484,86.13596749681766,86.87323735366436,87.46718043923609,88.49332737271995,86.18255665605929
192,82.8718676047299,85.1200223948928,85.86964339365137,86.40030050133213,87.1437116448585,85.16794167706158
289,75.70198255132082,84.49027765186105,85.74404930799564,86.7735145483353,88.45806427394486,81.41058701633105
438,82.21693568632374,85.63911973399117,86.6880778800456,87.53066262609585,88.83278934687343,85.65885174138278
563,84.56368951833691,86.8669812918012,87.63065641202341,88.2580161649455,89.24450822878536,86.66042896376418
139,83.06911834702828,86.57548259692004,87.58414489551663,88.49464862651614,90.26910637616547,85.56166700851895
266,83.38429219619034,86.48048213803808,88.04536789138615,89.87114619360895,93.20853415732002,87.60172881879193
610,79.46211900779986,85.12291131751648,86.99963713911981,88.54163646303444,91.18825336816532,85.3914670396179
647,82.97397253918815,85.94310535871301,86.76758778084708,87.36738709074662,88.18365854778587,85.19559006841469
682,81.01474485416473,84.80000191422452,85.72252617195322,86.34844871668446,87.11415968141603,84.2403235103486
510,83.59947391125975,86.4009971154499,87.11841359194058,87.65873312772004,88.4812633312323,86.06772023530446
569,83.08617014015417,85.85641156203711,86.61470590302426,87.14748351953449,87.90174718564974,84.95086780164667
217,81.53699648099281,85.21596027410281,86.348151396155,87.27105438500617,88.95615497454556,84.42468270157714
429,83.07946004467017,88.16411880779552,90.26160399650672,92.40185605507965,95.49318712816321,87.66795895172756
526,77.2896069283248,84.3082542455398,85.76485593799484,86.77101520016389,88.03185016333737,82.90098342717594
573,82.53176603502902,86.16569293303644,87.18857476494063,87.98582873845564,89.25473667301421,85.56123441529024
595,81.98846884339505,85.76303914479058,86.63940685425175,87.2515377516234,88.12573700095791,84.63539817367578
130,77.83337237917281,83.24309770222067,84.90382407608772,85.99627042484234,87.24247287814524,82.50620618275592
200,84.41005269357979,86.70575458551478,87.74865522036191,88.93460052464033,91.13934127439168,87.4526509010483
644,81.29890235976997,85.92703599751708,87.47307398679908,88.75026773216814,90.5339476710876,85.67709859912637
296,79.15836965945712,83.84402831502656,85.34380619950113,86.54375816807035,88.27805784551792,83.7399800387329
448,84.91745116431882,86.56866443977664,87.17965750330988,87.72123838904079,88.71704336968996,86.89065220496987
533,80.25651240998162,85.78900789983614,86.55053460916363,87.07853662269865,87.77522559556468,82.0393879719845
207,66.73503154932472,83.68300808744776,85.2988546579847,86.43735489101921,88.11332337668946,78.46610863382607
108,83.11645102005005,85.7891659607281,86.49769120161712,86.98865070869076,87.64313811147768,84.85865341576418
494,74.2309525371419,83.20036485105433,85.78333883539965,87.59327040355593,90.34348795613643,82.28459481916246
190,81.66892582931952,85.27229456017471,86.4119103426478,87.28865843851732,88.455751802702,84.80240673300868
663,84.08560729862657,86.07826928829599,86.7495660204866,87.25209962139068,87.93472626397603,86.1889601642079
107,79.79462603973873,84.09879541348785,85.10483451997948,85.7598903454189,86.50173606341576,82.89557315533953
319,75.76559735711774,83.17003226883841,84.63161242044856,85.61834559641973,86.7577916601446,80.50501835224576
552,82.8003874603745,87.14021256948021,88.45621740803264,89.61516965103836,92.41296969675541,87.36223046912328
170,82.0978744767485,84.92604760043912,86.0248575466717,86.80235725713429,87.85850005514298,85.17604541877719
124,82.06415086155786,84.10693739147594,84.94184701985876,85.62696141755899,86.5453705970607,84.22000048593975
70,84.86533208235113,89.52695622279066,91.51369102098529,93.30699265871756,95.87838217970437,89.96960487101964
50,85.11476512262266,88.89451665158967,90.39270590087712,91.70293552234705,93.91269977246932,89.40989148769869
661,84.27290792688598,86.24115772463584,86.90410017544774,87.39236915404453,88.08363714100017,86.37181296964596
246,79.82897074542886,84.31846000677851,85.33812979837047,86.0227189176142,86.88008645388918,83.19950883762087
527,70.6577001876613,80.2001922946432,82.96680250844999,84.46059227789283,86.09203845545876,78.40423498564427
251,80.81796852603613,84.90183062302037,86.56253026388136,88.01958811632565,90.77837019535744,85.92149646440393
277,80.98606756069134,87.24116340664348,89.91659751231421,92.13081042042916,94.91109248609277,87.72998895794127
716,83.10955731597734,85.57712252293771,86.28259674606687,86.799402194224,87.50930999021524,85.2027399311609
521,82.73514185234929,85.3201733361148,86.10952238599926,86.68162906087169,87.42139294776202,84.7551592757643
174,75.82611125705814,82.92786894374014,84.79165915358418,86.17247307678838,87.80634844532864,81.9960551949832
413,76.20761850429817,83.55739043187269,86.26134051669412,88.36006488277562,91.00760867142269,83.51953566164241
173,80.7342712663823,84.38555377868694,85.4668832240827,86.33784220172375,87.60671912653737,83.30557862014045
481,80.71589423379386,85.88914141168853,87.01472539359908,87.83712295821823,89.12730494529806,85.2714584640242
490,69.48252344177425,83.81449175096415,86.42638703322697,87.77381435091272,90.59891608373435,81.40255240307523
758,82.92539485195422,86.22773989903823,87.1138645926002,87.78222451030396,88.84164578347541,85.57025171069468
643,54.824629457654055,73.26362028954584,79.4574084765433,82.96807253951515,85.27560359635953,70.34752511104347
679,82.16884492333627,86.71643685984064,87.63096115868512,88.53698880515567,90.66432640552564,86.64262123548923
474,79.84808388906455,85.9706715279808,87.2151456545049,88.26984008712446,90.07787617376546,85.51949455171201
475,77.97123762368675,85.63901513018924,86.7535003979366,87.59396363856162,89.15318972477004,84.27269455013001
470,83.74702675993879,86.03825773182346,86.77946494349634,87.31455601055822,88.03728661185227,86.07730547138209
471,79.56232604643996,83.47278186965386,84.60044028632245,85.42402336445127,86.43308698614949,83.29595021937118
113,81.03670091898749,86.43900044089979,87.10591642138333,87.58387939908124,88.34476206377047,84.74761093839257
111,81.99759472676938,85.30739944260097,85.96512931312989,86.40994774551783,86.9731329630453,84.17405540463596
640,82.50263689577338,87.03224295064734,88.71307525107468,90.63089053144874,94.74102918155909,88.35180763723774
688,82.1481891392175,84.90847228313642,85.67353423064858,86.22360211308231,86.93147356806658,84.57589526576344
763,76.96895835744093,86.20396028863587,87.12533782175693,87.88587781108629,89.23785236604627,83.26693798817642
656,80.50424506195186,84.59189549625731,85.64150317666164,86.40252400968805,87.42743246894533,83.94970110209881
654,83.8317054677577,86.25097938082975,86.97632657943616,87.55038181997502,88.42417619625135,85.72996901876463
709,78.89997129259287,83.35388931498493,84.45974026149952,85.22729564152053,86.22307955597665,82.6375490342144
126,81.13831425145567,83.47408497252609,84.20173521277495,84.73975228663943,85.44099628548364,82.90376631014895
151,83.15727179181738,85.34616014494969,86.12039436666603,86.69641041539164,87.45428083574815,85.26631596992107
23,84.01814446769083,87.09167865497831,88.19210457124255,89.31303303209451,92.12450966416446,88.1224236185886
446,83.02554541135453,85.7598581059432,86.55659198225258,87.16108116045554,88.01967984262619,85.39672525365764
535,83.57821655348646,86.40783644308001,87.1159066476829,87.6689660086869,88.5014877793697,85.75139632392832
703,71.79088456228395,85.80668135728241,86.72438274133758,87.31082765602719,88.07199183920423,82.03886014644067
736,83.01107368566745,85.56886172575491,86.30964879444275,86.84759385380556,87.5347376984927,85.3104713911461
206,79.28827671726299,85.31695236201269,86.74632267386026,88.01399084450556,89.96066658789934,84.04213807674242
465,77.97484349408226,83.18354760472661,84.4935167047373,85.3675584331264,86.40009295360171,82.22423003157854
621,80.66332183348051,84.84145244334302,85.74516502374591,86.43192660059621,87.45278085370258,83.17950981771622
616,79.74136702225874,84.47210979821392,85.57583200383796,86.403326044644,87.53134491872119,82.25583019735039
283,75.84078258871718,82.63486053310483,84.45337394839022,85.805212198153,87.7251891994939,81.48718115154053
284,69.36201013935967,76.11272102155213,78.13839264270796,79.52230117343521,81.1701813935158,74.96915675701824
534,82.89637154145178,86.50747098412778,87.32873119818508,87.9723372587826,88.92822376585225,85.35390289226528
197,84.02869771091589,86.18871544859788,86.90824716582304,87.47267828308426,88.25893318546917,86.06615861472088
188,82.26357863928607,85.54922516509791,86.49137557511207,87.1392283462632,88.17062135783081,84.94025362079333
193,83.22078665235118,85.73307511233725,86.68697796753479,87.43760810938666,88.70028072761365,85.98080924479957
290,78.84354844816929,83.86617670909223,85.21460880566421,86.26328791788694,87.78782432748785,82.76581554040071
295,81.11238514742091,85.16313273952748,86.76581144701424,88.31934781555384,91.35105081552084,86.02495110862625
564,73.14446747900124,82.88855742916553,84.97720764831577,86.46704337973867,88.35210469657324,79.76816587847732
567,75.32491019824589,86.3514885943207,88.55087534662611,91.43660982748241,96.48930125657972,85.76014962756236
234,80.17596990211722,84.62103711548833,85.78172684931673,86.55728859712082,87.6173964005682,84.38875032550018
33,82.8326824275966,86.12270276755547,86.95818544390329,87.50558401916012,88.30813998411274,85.89332910260748
659,78.10173802936868,84.92521801151467,86.08441066571527,86.81453948702797,87.81589059997543,82.55353633370332
138,84.9301933474931,86.60659173172105,87.2388684306233,87.790210526972,88.6784147306368,86.82417323100037
265,71.56209618999081,79.22223903765642,81.09765514464385,82.5085631509168,84.2767246922701,77.50655610344067
649,76.23144136717801,83.11097786686511,84.48284798607415,85.37813126314927,86.42417277806746,81.68421983553772
120,84.51477843049348,88.12691598448819,90.43936411697624,93.12472440842362,96.91137403963819,89.83372633004828
171,81.84362251136773,84.68462520156322,85.85647549911697,86.71359606904815,87.8625770505921,84.94346006762704
45,72.10186522712678,82.09728060342663,85.05037388336623,87.14711385221996,89.98466279300843,81.48590786435139
511,82.99785727255941,86.27074618333549,87.10254957548939,87.71768474036712,88.61211617684577,85.87132621578272
628,80.4660932875056,84.6693033683098,85.8664733549501,86.70760127591804,87.7240184629871,83.76074913861106
136,84.76713150645118,86.21544454405327,86.73718115530625,87.15631961021548,87.77540640449097,86.06082452744084
437,81.55846692608796,85.5512858647031,86.69105766863085,87.48820875921126,88.63456978127236,85.38366007811862
56,82.90714507520957,86.49050903178178,87.46616168239278,88.3735556069561,90.00332032562766,84.74503390224551
24,83.67877830151087,86.90174693655797,87.84411843432768,88.75686656313974,90.83709813204196,87.23969879485603
505,80.78394409145014,85.71520306044425,86.89270512785636,87.6879762082661,89.00083419477915,85.23908865123461
507,77.36761691848578,83.64976176216062,85.02439031123468,85.92008130283944,86.98070826813108,82.31546255320875
694,74.99103582887152,79.74179247429696,81.08985056635234,81.95112240370396,82.92124895754692,78.27936952783307
161,79.66666178031296,85.20192114335536,86.17297639220025,86.90090196901633,88.02476108658347,83.95227195001281
232,83.73387198481649,85.69144199046106,86.32528517217065,86.81502816401432,87.53169007469418,85.195656553857
271,86.10955821191018,90.5951174914827,93.33579109043026,95.48063426757247,98.38747826987796,91.75687637822223
524,83.52524194735527,85.78391196783419,86.57062058265639,87.1702782125562,88.03710246854354,85.71251295507152
523,82.64255592542936,85.69515988895542,86.77890129682397,87.56174352253488,88.74520467607209,85.84905027574796
632,84.04604028363556,86.37392650401134,87.10321838296771,87.66589907654914,88.49153703142146,86.20716746943592
645,75.43960421863689,84.97380821441335,86.87748127100018,88.46571756949268,90.85601930538552,82.68494609230542
558,53.16652809261334,86.44686681756141,87.71438721357411,88.67611035373949,90.5477927377944,78.35617578866882
718,83.05404018346182,85.10012208145844,85.68266190090918,86.12235799201386,86.71358999666901,84.1379105011096
501,79.11106941850302,84.35136289243317,85.7981044149591,86.77581486631082,88.19796491888785,84.03783894130129
585,83.44918568419443,86.77684102974027,87.63820713106293,88.30401662745267,89.22299793593626,86.50677275360856
572,83.17546022920095,86.2003853842051,87.1152760463225,87.80831782564768,88.87608797841106,85.7201980807788
588,77.74545596367373,83.41969952284205,84.66274159528922,85.46393143559409,86.37870033899011,81.08148527341659
729,80.82569992989461,84.89760015452002,86.4435059529027,87.45799351135322,89.26215585841659,85.6301952786325
424,77.70992846935567,85.52197869175258,87.00257935871788,88.02802512274292,89.68625667957834,83.60737106659484
425,75.73407795702623,84.1037560816138,85.73070729206847,86.77505642296404,88.2571001006179,82.79700252292828
4,83.71504104426987,88.10770434399159,90.3654008792692,92.87451256153493,96.64645737645836,89.48921908023785
430,76.61961936409224,85.07609561662488,86.71756270959649,88.00309496007027,89.78478244199276,83.25287204906836
749,78.30872359841071,85.45551931330131,86.22626535392176,86.77801748731875,87.47282983819801,83.84884159251897
421,72.46852268581964,83.79951583319485,86.96020016429135,89.24351139536056,92.42686740187277,82.8484066181372
492,81.16479428620961,86.32343375182971,88.47060982380434,90.46350143241744,93.24933271242244,86.85738667605345
43,66.99082347073305,74.05342373609501,77.86979351726777,86.37741394232137,94.43994528272891,77.31507906997976
495,75.90293841832411,83.18554092476029,85.79499014671111,87.65805143864267,90.64193717020282,83.25323835854844
548,84.08521456895232,86.72315904078043,87.49286624030115,88.15032955669736,89.38872608496756,86.59796340682833
40,84.85239324778806,86.70519890973519,87.4493181009242,88.13645855261105,89.44047111754627,87.16204486539644
754,78.06105028112643,81.63670758080953,83.00009393412616,84.10054044055724,85.63163713616777,81.6287702797548
537,73.80727650738471,83.97995126206281,85.95366406013414,87.12254342344795,88.65152935322207,82.05573185971326
469,79.04112048739366,83.94536134109298,85.37782281238572,86.31505334319048,87.44899319821924,83.57130481663361
176,83.82476106506255,86.21545136722878,86.99057899981065,87.52198148732963,88.24596960508549,86.1909296423654
503,84.05912295112896,86.60292008512846,87.35175588831719,87.98040898265046,89.01500461985867,86.38512403937736
196,83.78248594144424,86.13491915559327,86.98315673794202,87.69061859906701,88.7983740339019,86.38758832976849
202,79.19318595703407,84.07770556780291,85.30359725398489,86.12870972506923,87.32640812005651,83.07102038441761
606,67.606337816683,80.83714055024383,83.87840138716625,86.07003439811909,89.14833713410373,78.19662921038348
53,83.91944495816962,86.76756068421203,87.70732031197029,88.54950088569602,90.00263870102731,86.41878681164424
72,81.0046272608414,85.67107990825772,86.53322181227126,87.1377335433482,87.89911825998928,81.1441776277205
203,80.85992533089112,84.81741551596737,85.96570668481618,86.88641004118091,88.34543092579563,83.49944908316263
456,82.32853702962555,85.53718304188568,86.33488498686694,86.87901557116837,87.5581952673906,84.87106595501284
669,64.02658431430827,84.03205074784489,86.20149334615398,87.50302698052887,89.39109405490717,77.74018164972989
540,81.6094500401465,85.03887932664799,85.97993943086213,86.78789968896486,88.17893005852554,83.28729845222071
315,80.30812037987651,85.6224917558085,86.88906871033947,87.79905435759171,89.20044754512693,82.30957122035966
755,79.0387536653729,82.22491199420438,83.40521750492559,84.30615724972442,85.46523781885763,82.08828735101301
258,80.44408929323839,84.02358132673241,85.15618033520266,85.94833581959804,86.93828858912205,83.01834367384362
51,81.73803719461245,88.18545827134159,90.24163246320576,92.34829635865755,95.87916613672206,86.50613834412938
473,80.55546246480924,83.88191983887933,84.97405535534672,85.76845283619356,86.80215937588731,83.80868900873008
10,83.34280115145818,86.72450082595195,87.81295022071492,88.8482531206532,91.2756483112172,87.27768459272791
228,69.05343392086182,77.56855169163319,80.43487754262428,82.06157554973953,83.59433347883255,75.52157355274407
230,78.81931096482025,83.69384649922131,85.05671554502966,86.0044788228001,87.22390628110288,82.91261762324332
156,82.39950259502719,84.86789688008757,85.59842252490617,86.16705267914072,87.0143318712931,84.13015652709865
577,82.72379500976481,86.30354359536632,87.11241293114618,87.73342550123925,88.6765383971843,85.42598214431406
637,83.32834509912443,85.92194952436408,86.68438399051752,87.24334472955258,88.00579058549077,85.69861783611408
158,82.85097384322346,85.14445125157705,85.9208964621498,86.58003829615332,87.60701082137014,84.71261067404444
39,84.7746083523732,86.8739365000607,87.71051334256329,88.52693989708301,89.99982744486978,87.38092302793915
603,83.10462828813904,85.53735000577538,86.40171501996693,87.0808163097981,88.09669045587849,85.34140670571091
604,82.90945081468107,85.4313375656928,86.19463763490992,86.7965407602937,87.63137128252463,84.86601611519457
711,80.93992658689533,85.64588468881604,86.65905502094162,87.35479639187034,88.278280128938,85.08637266729156
706,81.60323493919975,85.83933367655615,86.67480566090714,87.28202955645972,88.12557171995317,85.036119203179
242,78.77718039149042,84.51634291091351,85.80254744884311,86.65274253621303,87.76651057979662,83.59362661461346
704,81.67188231429002,84.87284652223995,85.74956317560999,86.37494571048953,87.1716776039428,84.36626971863923
735,83.57368682393691,86.29192485042907,86.91569932984181,87.3974001035514,88.10024632177651,85.38906417933511
742,79.754251677035,84.44074085012412,85.59831298090157,86.35198253785002,87.18652996419087,83.59465091528396
145,83.41122083818667,85.94408355449234,86.74154010572448,87.25339202645428,88.26380933754417,86.2578856330873
29,84.8752993012333,86.78575398849823,87.39793897361066,87.93331930164732,88.8895644526542,86.97860324545358
575,83.12267869818072,86.23076509357348,87.09972995055323,87.75105060591046,88.7442694641085,86.27066252534458
576,82.96461052981336,86.2271685547545,87.16449493150867,87.87882779928363,88.94556054879078,85.95647765749234
748,76.28075960767636,85.23027430010488,86.15940929934504,86.79062999689518,87.5995044436541,83.15932202874741
279,80.09588959806526,84.42059325889134,86.45354021291845,88.44628689147635,92.39703194426679,85.6362299491361
443,80.77125995905585,85.4137633475437,86.65304464941411,87.5171597499586,88.66744474740987,84.98235926085843
442,80.27202632810275,85.78301832608133,87.03647422486712,87.96661871227859,89.315044888784,84.97220999836159
212,54.918146576190566,64.36459138860624,68.87275286341165,72.29207095378622,75.79849227133045,64.46311856534555
282,74.22068779529367,81.29638434491935,83.20951860120472,84.6064651635605,86.42894667653032,79.93465587272881
582,84.11653979991327,86.76600258266153,87.5114873922592,88.08134938446217,88.87722100255303,86.63955857965459
117,83.40627609038859,85.92505541861247,86.63271814298865,87.1905719920837,88.03121112345937,85.36346295138605
34,83.50045424652879,86.56127413115698,87.23096474109795,87.81960734977586,88.63685665907656,86.36750651899412
60,78.40779128935104,84.16307545350779,85.68683719328216,86.98767111384143,89.2345313902867,83.438586266174
101,83.07253490640235,86.0601023643677,86.87217950926741,87.33694224920636,88.07813484826728,85.80487693265053
137,84.51918178317322,86.80540378231389,87.51737226505385,88.12104391692377,89.16381820450708,86.36051296333419
18,83.51343648224511,86.89261796216198,87.58872838846284,88.21690653813691,89.53770030383039,86.80501419189173
267,82.09985433211043,86.34246140196699,87.8264572064821,89.46723456887463,92.86481577007245,86.93897449729977
103,84.42903736897279,86.35788730232596,87.12749017991351,87.79957748496967,88.86413863766157,86.77257671078952
441,81.41594548251415,86.01411074251017,87.45001784978062,88.44019214045412,89.67398755978483,86.10250139885747
71,84.68463518865883,88.80762296321838,90.80329286009156,92.59032661503765,95.26989543269752,89.43458531598365
270,79.91769275918463,87.11704700539705,89.44023716004766,91.74834999499917,94.82372325372638,85.26856868341342
308,76.95095385917399,86.08690673700113,87.02670710212735,87.61931523274309,88.43462943792687,83.36642045378736
546,70.28177609445456,84.31360954352124,85.88461224802609,86.83000893024415,88.01506712561712,80.46037718644935
574,82.34985063076137,86.02426755813133,87.00551394864122,87.7167096120945,88.66786504262136,85.6636983685554
525,83.4166756985431,85.92066601825154,86.64970138588257,87.19245118044675,87.9879524937714,84.88808674732813
131,78.69578720992747,83.25396700129377,84.64721200600681,85.69288942912556,86.78250317346128,82.72790615511164
129,80.51410056967643,85.0798193007894,85.88432789477982,86.42846795153504,87.0852105932501,84.1647442028641
2,80.95456776718022,86.54666624049551,87.41743099634903,88.01708751887841,88.98193057685462,84.91604672773687
452,75.96930422119077,81.69792460147164,83.21787129225703,84.20231545162144,85.38235718935125,80.29038389026049
554,68.62582506039651,81.34418361041759,85.36471134601194,87.26975597385515,89.82525143300211,80.33603625949124
208,76.5492993896814,82.89692564000663,84.6230490765171,85.84832999934557,87.68327819917555,82.46220359847032
545,83.5130891474965,86.70217083162619,87.61550247517421,88.30678386626853,89.25790461366167,86.6561397704005
765,81.18327562843287,85.52439841002352,86.65493074351367,87.54270406485234,89.19887548084779,85.46949746250594
199,82.22167515694237,84.79191335604504,85.73284742038948,86.49143072733884,87.54593075743735,84.58907647098493
489,79.40782613746916,84.03661143481429,85.58948171691061,86.75830920296112,88.47085211928139,84.09387408376709
303,81.4984446973444,85.74077031111204,86.66464449589205,87.27062200720538,88.14549934288046,83.83446320361344
49,71.04954735743294,81.92518030049199,83.94164943576368,85.32457392672349,86.84910566893214,78.28453487056568
593,82.45518521992652,85.3897478409964,86.27952910963941,86.92139287867485,87.81678606579393,84.82157894708867
732,84.24198647657171,86.0296974270718,86.71749120859417,87.2874122680923,88.13815571659488,86.35901631414004
497,73.61271076670967,83.89857998392964,86.02150778823929,87.38161060561384,88.89181769375607,81.89608365677961
63,82.60764887539443,85.44545204052856,86.43519824358056,87.34173680312543,88.952632620968,85.34031205208287
88,80.79163316755653,84.92807125909384,86.16476631608451,86.9956262742973,88.10037573613202,84.95600830861737
514,84.09954501539951,85.90097011785465,86.5693636833859,87.07166238834766,87.78266318551401,86.02723308010712
426,51.952404414931266,73.65349936123361,77.57303388238093,80.25890390552834,83.24411491829278,69.40043528720433
428,82.74362804602947,86.48269594621063,88.13897907947145,89.85164252193574,92.67699664297804,87.41513178661896
450,81.39451452050882,84.53923966561632,85.50719173843413,86.15111193565353,86.89080031674848,82.71584076034017
405,80.31810037798132,85.29812333788607,86.64018032602692,87.80934098562035,89.64688231502896,83.52163897488316
635,67.32416283966882,79.12902269485112,82.80974254653313,84.31052498484637,85.61553755914595,75.64479770408505
720,77.60590828524072,82.9013299851154,84.4446631758293,85.5239782462051,86.82191748359796,82.32233040436685
28,85.061570510484,87.48331713435682,88.36721550520666,89.32913772017159,91.09962900841514,87.87705879423375
286,81.11921409503118,84.57474962562473,85.80812826363778,86.84569693916087,88.4303848414467,84.43246945997495
285,48.568974680826734,73.08867416623853,75.31423114030191,76.85041952841782,78.84523833255352,67.05871277612088
463,77.68387569590458,84.98264746285516,86.3028248512782,87.09812561035051,88.24038770999387,83.79141017478915
520,82.6683111648822,85.31274997977216,86.13672540940445,86.74116448518488,87.55972299322495,85.1601946451258
613,83.89841408986868,86.06856394133541,86.79499010480025,87.34682561083761,88.19946701992278,85.65937602722322
47,86.98064333771251,91.96424469553966,94.14879303381096,95.75221707226325,97.69890163431195,92.2111108029625
491,65.0695393310725,80.67835450277866,85.08569249655353,88.25476848559909,93.1902339890791,79.73827595294944
191,74.50508259952022,82.99302060509851,84.78360292922302,86.02627697600316,87.56610601470682,81.23203509134896
321,65.6012946038438,85.74297019619009,87.00107893747133,87.78474537947021,88.74945025589884,80.21010572615059
93,72.47028663806248,83.30818813134704,85.45339437637149,86.62459865363006,87.90650204725014,81.3925827022156
487,71.49335016161427,84.98804710550192,86.75989637369334,87.82065889706686,89.45176067410748,81.77299299283726
607,65.13698761423797,76.54150687700486,80.39590839561659,83.1324378898201,86.40919603277467,75.20408038673132
600,67.60220143617133,84.67319577265789,86.32942922687734,87.18515667630317,88.18744836690395,78.63436009120277
320,85.16385267952678,87.51765867514247,88.46575962861446,89.50927628548305,92.18254931047721,87.5334749670377
454,83.05550764823442,85.14564340995447,85.79836740706307,86.26485686413626,86.86361002912717,85.03936535916839
455,83.42778942267847,85.45066612360766,86.09604158305687,86.59466665802802,87.27320481765959,85.4116224226932
599,79.84377000518326,84.70353844260043,85.92844477236383,86.79912720681907,87.93860895699667,82.9445523741237
531,85.11611627099606,86.95938880963536,87.69205079053619,88.36021118338941,89.60229213719943,87.4894590691769
565,80.50747350237611,85.6342228857805,87.36189834553103,88.7263095224077,90.48111607274244,84.92315556887307
668,82.49929222535275,86.72803746859414,88.3685080197633,89.94680862701937,92.30631536538566,86.82420780452705
528,83.77413286296402,86.11782532584438,86.88806263466702,87.5115449353945,88.56255247288408,86.06992510409046
407,76.72401938377398,83.6812472818568,85.51502626957965,86.92744437725977,88.99006444326284,82.07994312778555
589,80.52231157451287,84.53117829811242,85.56841081698937,86.25146635050807,87.06537693223797,82.90845995522437
314,80.34290539204804,87.2291588434917,88.58087170216461,90.14637291045096,93.40814006151577,83.9263306854303
181,81.59015020910529,84.41222046480515,85.44163902057649,86.22976350261806,87.21902477216712,84.19024008832923
571,78.00587377126976,84.17118199058197,85.80451511668707,86.87361537893194,88.11028328758383,83.25440807185215
515,84.60989169804294,86.51197806493832,87.19269603135771,87.75754024083527,88.66869371255818,86.68332039085327
453,78.74471052861963,82.71873974899529,83.92122938295947,84.78002894600314,85.82707791903539,82.2747694726778
664,64.47722569884101,72.30680815127639,75.1282849119581,77.33185685866277,80.16168363012541,71.83611433435915
115,83.89918602781832,86.24786510605533,86.96967934842634,87.5543282935748,88.53617671001987,86.01866969664323
162,81.66036100384667,84.838472921512,85.7116679950816,86.3805292003063,87.32893471353381,84.35448782885042
165,83.40507680349732,85.55989348569219,86.20060861185762,86.69174948214544,87.37824167315823,85.2814394782243
160,82.80152220757776,85.36562044599427,86.188432561831,86.83137544652578,87.81695339303194,84.99207509934556
229,63.61307181707992,77.06613701703175,80.24946324074548,82.31987439475355,84.35034631534887,73.20989783087974
224,76.25531720970899,82.31043937256318,83.73993768303664,84.77629087779226,86.15858789719587,80.63908995571713
154,77.53383342014723,83.84843332049464,85.1138002364562,85.99900808315158,87.17778672898294,82.38036388126571
17,83.93836607568407,86.81504958462322,87.48821569532528,88.07536018586566,89.0775612086383,86.54348011830783
104,71.30859437460748,82.43204176885901,84.1499928299697,85.0322179204845,85.92101409844035,78.08389176569294
693,73.54187916810932,80.29865771406755,81.99323399390308,83.05654025360712,84.27333677715572,78.67921534242232
726,83.0720943568776,85.79556081052927,86.58456594544785,87.1915601184116,88.12618948492424,85.395226345571
35,84.1215888132054,86.25946807053487,86.89530180520244,87.35204299149167,88.05370426008875,86.2456183114879
37,78.69108242718309,84.94271925155304,86.1092780445299,86.9147589109084,88.04157482344866,83.49442792946053
557,80.89890571473404,86.09656404802416,87.11932228213615,87.79899682370667,88.7043220552177,84.64964624109358
602,82.52302769174858,85.26087277791976,86.1415903874658,86.80442856137896,87.68364782405581,84.69001324342747
237,82.27292310613569,85.41141131531444,86.37910188223987,87.07443720974317,88.03891540308379,84.82785437652468
444,79.39103665675879,83.9995045440706,85.00942104503478,85.72147468525876,86.56813943776142,83.04523863161347
517,83.18466952313835,87.12729327855047,88.64212900861578,90.26061523543808,92.81460034062223,87.67662291216806
513,78.22162855900916,84.75008375092636,85.8800060883029,86.66296057950953,87.7267848420355,83.14626147086172
741,84.25653000661431,86.14884948581226,86.85321130008985,87.37760093551265,88.1091016692015,86.32950439192304
96,76.91006653056402,84.71427349198132,86.15362782507395,86.96793612371067,87.8688801845381,83.11066834252482
143,83.64294910498474,85.96578259274077,86.66613016299941,87.15172758102729,87.88412440321602,85.50723307163668
547,72.58603419789532,83.68781923638804,85.67965481221727,86.88114387164191,88.46603516596517,80.94894655038672
594,81.69719436547305,85.83832759548613,86.58997122729812,87.11867065804246,87.86397945637928,84.58979589966702
205,82.45723655581494,85.25485372705562,86.21066544720236,86.987368401462,88.28483830045285,84.97817700777551
713,76.94313282691424,84.57346798157484,85.85682039859125,86.67622468227886,87.67372114555508,83.11821860179367
747,79.22535252766289,85.51123376573058,86.41038653426891,87.04389029618908,87.90613549535821,83.82346009801925
9,78.605994664932,86.83676240092733,88.00432988044682,89.00317921696627,90.84298857158046,84.28315188652341
288,70.05605306617983,81.67530719321176,83.4868032798177,84.88189428834434,86.73087827302524,79.1286821958455
198,65.89208540063397,84.28380242802037,85.41082742362808,86.23849834709188,87.46993582371248,78.94692493143579
213,55.14723449463396,65.5106727473125,72.36958157341255,78.75627714080967,83.26952752476008,67.5008987557804
512,77.0330105797505,84.29953725179205,85.43959525171871,86.20928292241409,87.11862125247241,82.64051112929712
702,73.01723865111495,86.68961269473367,87.43442234250556,88.01066494189364,89.00981715916305,83.51380662466322
235,84.56137079416635,86.95122001444126,87.773801114448,88.47805064138251,89.61179959430275,87.30414096841925
184,83.2486152049806,85.50741902096536,86.29828086375154,86.92690734967707,87.9201559940163,85.68562991580326
684,80.75274394754418,84.72685837973152,85.73435579650555,86.40962907681993,87.23893797510199,84.1768369845139
75,83.16058965021443,86.27014993173334,86.98909905851085,87.51093302137356,88.30880786846423,85.855491290107
172,76.19131350372535,84.37742707238448,85.56050655028076,86.37181088352888,87.51555384611584,80.83720707373286
457,77.00377845773491,85.0583107343974,86.00305777951843,86.61055189992271,87.33980908270402,82.7525312586707
62,82.42116152159683,85.33433111333126,86.26895015242027,87.04037405765207,88.24038869918763,85.14438112636945
65,84.99267015875405,87.40351907421145,88.19029432990864,88.94220977387381,90.43124760452486,87.85907814790563
710,80.81161799546597,84.70409713057079,85.69639201316195,86.38710141396493,87.27259617247108,84.20706853122107
135,78.4803390595921,84.7244958399699,86.47242933217335,87.71536176518947,89.6094729333153,84.14650860551201
719,83.60041297702364,85.60916093484792,86.27827240640791,86.79103175305052,87.52724862721257,85.54279357820049
114,84.57175565228671,86.73228844834661,87.5285961541464,88.3187775009968,89.90231415013686,87.25459694430974
506,76.18309687286256,82.65087087593524,84.30675607913847,85.26299817055927,86.2837805564526,81.3136012843418
30,84.77963176743151,86.84303989194078,87.5649150849434,88.24199579127043,89.60109046302955,87.17933138549668
728,81.3836459785223,85.39746575343973,86.76054620829426,87.70500760267323,89.25684906821812,85.57510662116277
715,81.44880300168971,85.6636403945201,86.62434708589734,87.23492119462115,88.13199797998541,84.53002308332614
79,83.47150400511342,86.29001750795427,86.97846367272464,87.45889302031486,88.15027341756466,85.82813849638607
257,82.20528455704684,85.44742940221838,86.47208733844211,87.02709673136552,87.95426377353776,85.39590044121161
612,83.03898561537675,85.35965680741931,86.1895130225161,86.84305831581726,87.78386346198529,85.15114676568788
85,80.81260882410787,85.82499743677621,86.47282030842213,86.92590390356071,87.48311277723134,84.67256949022419
189,83.23532929877788,85.55345271765754,86.4051880188351,87.04816450246227,88.08737618309566,85.87321654758297
500,77.30349521774566,83.33564861249357,84.9830752693155,86.06562811457204,87.40779575368836,82.86543811362228
676,73.07800900207667,81.4897162861002,83.67372593749282,85.10137471890418,86.80121048649708,79.6904032525724
264,45.11862183416325,73.70655818959021,77.08643770960977,79.1466432095213,81.41894495487948,67.75554486358098
168,67.26541780384852,80.56947960522523,83.80541548363921,85.46422024187692,87.358509130079,78.03641852268682
550,83.1463659749171,86.87748241448685,87.67142253996248,88.30860035398085,89.3282708641442,85.99867432597271
54,74.40379829382856,85.57618944267173,86.64292706173444,87.35916850679084,88.35413558055173,81.81293742293118
609,81.92617162494965,85.0236205167749,85.96580360418412,86.66016133474378,87.54241484144136,84.56045966565601
498,83.55163928060216,86.52694847726285,87.43409554744225,88.14904461847765,89.33130575437737,86.68362871459253
701,69.75523095455199,84.22954994336602,85.69145948736988,86.39205348074185,87.2027618422174,80.12803725520045
287,79.43894000293777,84.47126016097778,85.90504482470186,87.10194605130027,89.1770525016197,83.91659244586832
423,81.50424912955161,84.60813535715788,85.67417859479217,86.45457063754722,87.62535215412717,84.92638606189736
419,83.82012676163647,89.51227248111982,92.51066458075832,94.84989201607264,97.83700689632902,90.63673550841038
422,82.52761781972644,85.89636364384202,86.88707562478487,87.70202261248205,89.11677193223495,85.9603921157871
496,71.65969306333994,83.24786668646874,85.58086140417574,86.87878919188859,88.25667660123231,81.20483785900763
587,84.27175637044505,86.07891751049824,86.65872785673314,87.09806414669777,87.699546550966,86.02092506973845
225,64.55515169611867,79.03505318999358,81.56124609264019,83.12376923123553,84.83626173611658,74.7403777444119
561,81.93862306346865,86.43440455297605,87.79113549917517,88.85874951402938,91.12970967188807,86.3422960417897
44,64.87653825503709,75.13986337898505,79.85106925213191,87.0775585671771,94.08919582561045,76.15076097930907
723,76.62090712404625,84.38924756759589,85.47651366638563,86.17750423616054,87.01336839446114,82.41571261065404
14,83.21643994315889,87.11081115038837,88.08407543692155,88.86309252813005,90.28268927284283,86.97546147742456
255,84.850082637131,88.66587390990556,90.7739106326975,92.66143645355815,95.04555265318011,88.95000769983288
64,84.22846162451384,86.91222849282741,87.78914018531863,88.55975156907857,90.15277703288362,87.4716943731496
760,81.89315214111389,85.78894808177121,87.06482767827275,88.09289743767289,89.86712145729416,85.76626760804535
177,83.00981436149235,85.99500334341948,86.82651122199678,87.353640591692,88.1384288004529,85.74628491672584
482,77.22126311172141,84.10462162009502,85.7346463292699,86.79497045966151,88.27964148664219,83.196103286123
619,84.13086591706161,86.29075741281392,87.12821189214024,87.8591746395887,89.18531474459418,86.78342770086488
486,78.64385791342538,85.56430908059141,87.0563847224598,88.25136288968116,90.64063069822299,84.84828028371659
5,80.43209073795256,87.05926881566444,88.65082664747099,90.5955739977331,93.9089093106802,87.01607895154464
458,77.24626768699284,82.05254504887294,83.57290371501911,84.7498066030888,86.28827039867375,81.49160431976661
462,81.91364210205307,85.6771354204067,86.68649630376109,87.36405427421302,88.31361543357957,85.3946174382283
409,60.29434564406777,83.53914944760918,85.48670340729652,86.86394661145272,89.04171199564671,77.5786312989307
273,85.26165779485713,87.97060765862547,89.48697583319688,91.08651212350468,93.78387758966856,89.01659890039737
194,84.1842641736489,86.32658788358926,87.04497762824663,87.64276246499217,88.63164060137275,86.40300045930198
408,80.47219449667783,84.72206280633627,86.14544896213162,87.46181336199982,89.44780231494252,84.36968512548206
27,84.80380278158708,86.76586373562222,87.45193521094654,88.06178960959176,89.10990234020377,86.75370776754065
19,80.63266935834432,86.82315442014361,87.6490587176109,88.31120436295295,89.37964498409471,84.78420279882009
464,77.25169550758142,82.1824469701251,83.52688985133315,84.4034534820722,85.39355273782736,81.35882252940064
543,81.95611417081842,86.29665263999512,87.29078886326074,87.95426655618046,88.86384840933579,85.32374737329178
717,83.02668350338928,85.3998530718449,86.18199108373805,86.77678617592021,87.60873394199214,85.3629281653662
725,80.78859828529022,85.05617118360689,86.24075709934138,87.0800513468994,88.31407577638852,84.76139695464417
752,84.3217964058854,86.18594618147624,86.80595968853861,87.29627284404863,87.99636457305654,85.84506885146716
653,78.88857879394494,85.1215109051967,86.37438541156214,87.15637288404537,88.1507306715251,84.01533230020704
699,78.7646716810926,85.36876444979764,86.32050291065904,86.98309491989572,87.88512865224578,84.07911174230455
127,82.26352372081739,84.90944361368126,85.65178150534796,86.20865361761642,86.90482974275565,84.28924018477622
592,82.0313788983389,85.46127688352772,86.35789934285185,86.99561277841552,87.87923936535795,84.45933909845137
660,84.72820237524692,86.5268978660773,87.11053631371834,87.56347095500344,88.22059969698154,86.56686043892992
61,79.67436183474719,85.03579240768994,87.28395663438954,89.70949295525412,93.86620037385313,86.00172678118365
618,84.48207231503962,86.68660341272322,87.48942389154712,88.28371463978146,89.89247926224658,87.37116724380765
90,81.51737260763457,85.58942953398396,86.64065312594423,87.32470585357459,88.43508539425179,85.26834812755557
149,79.83745743902212,84.6542385002233,85.53539948056132,86.10445402301809,86.7836574530322,83.47896496596192
240,80.43497884407422,86.286404137801,87.19358364231284,88.02928939848564,89.33416943912563,83.1734079310494
539,74.36548832675838,84.99850271455253,86.32354324739161,87.15098987958783,88.19976074189394,80.64770510622111
297,83.46717239395788,86.4892917215839,87.79007460616266,89.02712531679688,91.55666199444511,87.26433044411792
439,77.79500095855927,83.99696351795241,85.40246000649347,86.31474372036443,87.38669372818983,82.97404885273947
566,78.83517882487007,86.09044598311019,87.86090795336773,89.21354673350541,93.10328483585047,86.01557302889346
650,83.27920146244419,85.45093455744087,86.16811621350453,86.71923709436784,87.46187944986505,85.46500235836884
686,77.6439216839746,84.20055738522815,85.40753707211162,86.20185407079074,87.08988659810063,82.92768096723336
734,79.38991354537367,85.47017405386127,86.25508100063199,86.84922161466454,87.6894207837432,83.88675382857541
119,79.69731373980567,87.74812545462177,90.39495221169065,94.00000534057618,99.15294631443811,87.49490420896001
144,83.07026274059798,85.92736206264449,86.94253557018024,87.83491093511415,89.53247177680441,86.06601688481302
102,84.19607901778451,86.51182066511599,87.29097405590792,87.9103487363872,88.98908925965603,86.66197954724102
187,83.79594717167998,85.70921083637938,86.39124708308162,86.88889513807341,87.60095876728427,85.7539184998851
46,85.69926568247918,90.36569099957966,92.7139499653339,94.54153431999133,96.7838642951425,90.70503682458842
683,83.13192714174662,85.57189946225446,86.38937450801686,86.98900267683594,87.79212929840203,85.48963169502515
169,65.30582512071571,79.48340074837995,81.83900433941926,83.28287242607894,85.02276073216416,75.59809738963605
568,82.29213327132746,85.60344650476476,86.5398401729272,87.17796122628232,87.99581499181579,84.78334335178387
112,71.6173986994508,85.47391397223757,86.30569104747723,86.8254123141937,87.46053035974583,79.64657282578318
250,79.69613551142082,83.76062274521144,85.25834049252474,86.56453462385281,89.13308656488435,84.77045933259222
630,83.20575188787109,85.71458321694045,86.42926411954939,86.9429373395761,87.60503549715516,85.45641541886641
695,72.39479989104808,79.31161126585091,81.20227887648579,82.27319818585403,83.3930277379682,78.2656600312259
272,83.14720218688575,87.0165964028018,88.5920994023641,90.20970493856017,92.8523904758907,85.42317444958813
468,77.88582791883027,83.27868905638616,84.69452053938768,85.6500374360166,86.84038044941475,82.58720509235674
578,82.27944301749362,85.81380049137667,86.63052340021756,87.17070561435472,87.86414534141619,85.06906187673287
627,81.85965317189002,85.82635966794875,86.72190744616223,87.3586486064779,88.35039701494776,84.2618499146858
434,78.1429301349685,83.36227475708371,84.90128246745837,85.88737509950855,87.04972606800382,82.5999331511636
690,76.9762712543294,82.76695620119013,84.05980478564248,84.91431448167697,85.88663134184114,78.80491582489655
7,79.20891723395556,84.9693379885111,86.46309103944138,87.41160239421245,88.70151430317856,84.316304518926
80,82.46655161666921,84.94515549722747,85.85665743452284,86.57282158644661,87.69977951944617,85.23017447696355
261,78.85417432260512,84.26947678970062,85.4376370111097,86.2740389799865,87.58264805821356,83.68340607604425
611,80.50252412961005,86.07737201568706,87.74665491694729,89.34698075645377,92.07618274714733,86.22618453472427
731,83.77642992471782,85.60268672013225,86.23557638964864,86.71439306156566,87.3523790157991,85.50132350115469
84,81.63536128362767,86.0372540412457,86.72068713736341,87.20300998309969,87.85878278041172,83.77689923111863
222,77.97506041424141,83.0773028512321,84.71628003651651,85.89341300327199,87.52982299931642,82.59935807545659
631,82.7890117257947,85.66544766186749,86.49252452204956,87.07945242535064,87.85735492927776,85.38707790589
59,82.09157707173271,86.24112076461262,87.36793368515447,88.38993087091987,90.14705694384871,85.94817092041244
211,83.38857379971465,85.5753858618859,86.364213173747,86.95462568790256,87.69766788130937,85.51789075872365
209,82.62976361347818,85.8407625971026,86.8408362569281,87.5951448236421,88.79113621507379,85.19749708305179
231,82.15299986977323,84.90151431822181,85.8382909244217,86.60519377840622,87.80122390948782,84.78945994056649
243,83.41989249440341,86.44546444439499,87.46015045505766,88.32563255020034,89.81758608597414,86.57059997139278
241,81.11271617581959,85.43238142754886,86.42146677332421,87.31218563169672,88.77604699679237,83.00896275538517
675,63.02082526728646,82.87151441506693,85.77510358091835,87.71679193154078,91.01108599562156,76.50285191303361
590,84.18267175746436,86.13590446640654,86.76259176600027,87.21011057414718,87.8350754666845,85.85146473451634
591,85.46448563814717,87.44856881799072,88.13163750832953,88.71132092222929,89.60576854576381,87.53959914557835
551,81.48445672097834,86.50258827434027,87.35846741909413,87.93617320846359,88.69929919242797,84.69489516433421
764,83.22227901532035,86.37461466273686,87.21933449502549,87.93752803191681,89.37943659335068,86.54646682565536
762,78.28036493199743,86.39370343918435,87.51607109235849,88.33007589122815,90.17681455003381,84.46777403408971
318,55.13389543921617,82.46501106539482,84.48254278264207,85.60830337594335,86.81618278941656,75.60595965461731
48,70.39221592016874,79.20478827377309,81.18446434888135,82.63175511952127,84.39413195422652,76.44380614971563
57,66.16155562005892,86.16477144221685,87.77557711841992,89.05586843837534,90.97555282187531,79.81675322813713
13,85.29607587408478,87.26948450358738,87.95777283506546,88.6049551385935,89.77147568832443,87.84957036902176
584,82.9824923477673,86.29025939486692,87.1516687661799,87.76017627564718,88.55016453479656,85.87627424212745
86,84.17441761149456,86.41739630704146,87.15023090536337,87.73313070842842,88.6783367446683,86.46252514871769
427,70.77266521407415,77.86188017475465,79.93963428191152,81.46517458271448,83.43497277589454,76.36560198445117
406,67.64689761209152,80.35339297481383,82.92536764648538,84.55342133741259,86.50856725941523,76.69783102428558
8,81.81221693282428,86.48096058813599,87.68542882198203,88.84660966224693,91.39346011882867,86.37689223430898
256,80.84726436620907,85.19747101692846,86.32835182207444,86.98428822014691,88.15601679721907,84.63227279909279
175,65.75568465317693,80.93457818594719,83.43908059090093,85.23521738765263,87.1824792289394,76.9065309268283
641,81.90867858671913,85.20191835951225,86.3824465814116,87.23704942738188,88.45955030571089,85.4023659491607
412,67.08778350118678,79.34494806224959,81.05329377196796,82.14121789916388,83.52384166841495,76.08227237220545
502,84.66086638490884,86.62065687506104,87.24648208572036,87.77842078905854,88.65407562917207,86.83157712205502
216,80.90235114574457,84.60838909887782,85.6969440434402,86.59095841246007,87.93719050779278,83.49244414749994
530,77.46313380520519,85.45733998638764,86.20987277794165,86.77536679804383,87.54398469322652,79.87409022121626
66,76.90644911855954,85.20762815144771,86.4576955756761,87.2308277771502,88.25608081489024,81.49214214987997
673,54.70590028892257,86.0900471673636,90.56876404520787,94.0171369149999,98.0699368190113,79.95688059806504
667,78.79888651183958,84.96416712352925,87.19242495831735,89.05719507783981,92.32690613772237,85.04851629179329
248,76.3995899841628,82.31657176137773,83.98288212028105,85.20491943708014,86.54441760111044,81.92859622467837
140,83.92086892425692,86.10609750185569,86.89453460406109,87.48281765150244,88.32856723399509,86.25252200048484
77,85.18119363513478,86.85719006729698,87.46723032644806,87.98023558227493,88.82763472104439,87.13373272134079
299,82.28444465945229,86.85385364572228,88.52075208645003,90.34756537877429,93.23390091613594,87.29686925474314
153,72.45285372223063,82.04857468971709,83.67283392097367,84.69208698328416,85.89451580627572,80.37894127151941
580,81.92868374255444,85.84324571572641,86.85781072098506,87.52397588597091,88.36918868805849,85.30003768240768
756,83.11660479342333,85.69178127390252,86.57259117522392,87.30955566805731,88.47679656710184,85.82944101379783
478,78.03412458813877,85.75206651794664,87.50335961088301,88.7697437403524,90.97787167758736,85.0539121237111
259,81.58659744638231,85.7518598090625,86.6159837381108,87.20867242329933,88.0902928787905,84.40858452870759
110,81.78984023125153,85.18285201420596,85.90400571723632,86.37487199249853,86.95056263594977,84.02234330796216
22,75.58401992474305,86.12574982561829,87.53050030848524,88.51161590504141,90.22246380587005,84.80104063015911
166,75.34525072427554,83.22695770389187,84.87806755041969,85.97640965619158,87.48406337075238,81.30365336795916
81,84.85684793115733,86.5001093582019,87.15458779751405,87.73562845560645,88.68492982629955,86.66526655827356
67,76.1380714627949,84.36696693982412,85.5922924188314,86.35329969278347,87.307744622422,80.70131005931685
15,84.98905763289244,87.07105242229521,87.67284443442901,88.21130890191814,89.17216986190806,87.12521187239716
83,84.95216795531103,86.30175465990962,86.77178646374021,87.16166836585865,87.78161795593174,86.19567779346586
467,80.56625143339873,84.65345613283097,85.65018291396811,86.36538237929223,87.32683827816511,83.54481407389805
544,82.95885731802116,86.23580097873342,87.270373257589,87.9965364808453,88.98961785757544,86.22304685342039
636,82.90393368623621,85.88729878462624,86.69608199944375,87.25599196344487,88.01285023802691,85.651235968662
401,76.46501531397995,86.86425387103985,91.32846743421926,95.1589219225095,99.65434392737943,87.65804638226105
508,82.97293092587965,86.16841249097008,87.17327555036128,87.99141492441743,89.35645947914112,86.49786135201035
55,73.21500913385181,85.43724829377781,87.26904775295206,88.56682419213604,90.66648748685013,82.97047034871757
560,84.65141449020747,88.1124427194347,89.80228968916548,92.48899900379729,97.97961113076364,90.37999576986691
751,83.30213041954542,86.41324379819928,87.26377026417363,87.98018807419818,89.13346636212333,86.36250879370694
122,82.59056625366273,85.38854937653092,86.3358800720741,86.91784543103401,87.65358126738941,85.17315724731523
244,79.92265853234164,83.9440316097392,85.22358996563723,86.18855032748773,87.48321623418535,83.70245619832943
317,81.99788971824746,85.64202721417344,86.56377784246894,87.24382634442455,88.17146794543503,84.15573355118556
598,76.52296905632078,83.9467505135856,85.3548563428005,86.29823383447693,87.50583872029003,81.19502841371758
687,78.6875392256314,84.56870258352535,85.71802402040086,86.47079080096896,87.35354923304995,83.43450238350914
738,82.63836982157262,85.48715017260903,86.32578413088538,86.89949373875784,87.62603713164059,85.13182529862011
97,79.93425913531252,85.10705234312644,86.3002894740968,87.01457620998998,87.9251133875608,84.20107489750885
745,81.03844793507584,84.93096762957401,85.8484463411746,86.50608456546877,87.3184161744202,84.28389060274735
620,81.02230087023128,84.85057907085593,85.83236980343139,86.5610097367862,87.52287760512247,83.6709670826547
238,79.9719061689749,85.0110312921816,85.98788073819973,86.73626928306233,87.82309950479032,82.6479768828558
236,81.59196219093825,84.50730127418467,85.40329108097495,86.05369028742038,86.8502007336916,83.91471347175008
26,84.08380140751245,86.89839219079677,87.64507466945709,88.32832641774777,89.543735161021,87.20469929342562
581,83.79312080286786,86.87779110067004,87.73722404822962,88.42435420793454,89.33214783022183,86.73883850753825
733,84.05033900807419,85.91164619110535,86.58846117321984,87.10714878447551,87.8243468098305,85.9448387334351
220,73.42321036833088,80.27750062098205,81.85959522514801,83.01589957267524,84.56411170696427,77.79689562385342
298,79.85501078933923,87.06319478791902,90.35456004375668,93.10702609361513,96.42737346636001,87.55242257153476
440,75.13608413642481,83.75538350030949,85.6120587029038,86.78294027390717,88.26597563663819,82.68559281132366
596,81.69194279293997,85.19124183714098,86.18662419530641,86.86586516264987,87.72135766204818,83.74314237640613
11,81.1288902634587,86.73337015685054,87.52794440461398,88.26449660795245,89.69966232546498,85.99553815229015
301,81.21387527642489,85.4818603124228,86.60798928965069,87.36920854544292,88.48282365211156,84.5403385893443
268,83.43415922336058,86.86643252321603,88.26750915844389,89.50589513082541,91.37109942372237,87.19277619503589
32,83.27009501226982,86.27108905931757,87.02989179951224,87.58477537512674,88.42229343358414,86.3258154030053
307,68.7031788359246,85.04169897638897,86.67664768861884,87.48827473898126,88.48556893633538,80.79697631687763
480,74.79214109060051,83.45349190452362,85.85705532815123,87.01612040980564,88.41588806360838,82.30062123891742
601,69.6979622402163,83.77232539301916,85.31655237845176,86.13055094183707,87.0761354214506,79.01420822111423
459,77.80291146179128,81.84728242703599,83.00249937118599,83.83189050817876,84.96992691241842,80.45487136940349
626,78.84433042022967,85.26040590792735,86.24612072123034,86.85942385037247,87.5923385417903,82.47531381830836
689,81.01407721400766,84.71610962275183,85.66838031638673,86.30349625427401,87.08932344504233,84.27630090095494
163,76.93966710029461,84.29106588897653,85.45643117389689,86.21734467006297,87.23668011907276,81.77639174842568
179,82.3335922858684,87.00016491663868,88.37848007741253,89.39494328086491,92.65855362146658,87.67884811169053
696,73.95669437858813,80.14066253188992,82.11717033414634,83.45978767364025,85.00031972857533,79.45155426033831
134,77.36815760647967,84.5512846381995,86.36117909002398,87.62035015793133,89.41079691541272,83.06944765830248
700,72.14683986985646,84.83188291492745,85.93460334878446,86.50103017728108,87.19006947662717,81.27580467534098
132,84.36605891241445,85.98668715192912,86.4924578316794,86.888566799322,87.45117719488324,85.40141229867707
677,74.43121657822107,82.87880111879343,84.78874621034414,86.12235007521832,87.98383313591367,81.09544841512182
16,84.7097117265591,87.16768180548355,87.89813289854013,88.62378027260313,90.1903444855156,87.55846253800242
681,79.27861157884293,82.44462629143784,83.47404072982556,84.21664457293252,85.12130011851251,82.13479953825187
432,80.39817280378679,87.37829442974277,89.84251473322223,92.33717427450846,95.83625419592376,85.79986177463962
155,77.20148945198625,84.59124524915778,85.97741969079215,86.927003131612,88.35781638113599,83.40308809708357
313,80.34851529505637,85.73140290427408,86.87519118804133,87.83178979329377,89.35992183543239,83.11284831120787
31,83.4881469307126,86.37448765666895,87.13422272562433,87.71161273414499,88.62257953083213,86.52481652659682
485,80.2024731016107,85.0609579487272,86.38600605622952,87.26460185384616,88.82569720311048,84.30453539161715
518,83.53196228140732,85.78658128607827,86.57334065970524,87.15529452811678,87.94188084610425,85.87985314273259
634,69.80432751780872,81.1683523972918,83.70887239677616,84.82235766455203,85.92019685551578,77.75263459398337
522,82.87694410281438,85.79952265090598,86.75940884096066,87.47934091726616,88.49496185754509,85.57016313786613
183,82.96543522442275,85.62020651390867,86.54667146803313,87.25722550598334,88.45554403512457,85.93792725481433
180,81.50009456965051,84.68925645328402,85.84488631086579,86.58017275947503,87.35621612082153,84.44435697778236
310,62.80830611095472,75.0153291338282,80.04438746408594,82.81401276891678,85.70977665323112,72.94670282608821
312,85.51774752263975,88.70022416253443,90.46979736566527,92.42706447890096,95.38453006059028,89.56912963409057
509,77.47539033304994,83.64437328573429,85.45628613125461,86.629048223664,88.00914002696811,83.09262756461115
306,73.14995593019304,84.64568337578194,86.41192424388916,87.27385270768757,88.20843592706618,81.70466409123885
253,65.40114857150111,83.61774500701159,84.78601031993321,85.67942014401642,86.80729816710635,77.85085317949277
254,79.82794521177307,85.00394361349791,86.88005532607036,88.47310913374291,90.70175352495511,83.86611387411536
680,79.15699146674817,83.34996212959267,84.37209613863736,85.07693862152095,85.93822834087486,82.63173616239408
249,83.684348441368,86.51482654110859,87.33886725578911,87.96261893318623,88.73704042153531,86.47575103437558
275,73.18247674867423,81.93512754597842,84.22353115390567,85.81583313028553,87.57502616294298,80.55592894929441
418,65.6959998476775,83.87518117590047,86.67798856986825,88.35888289577106,91.09433294382572,78.7670566776695
92,77.08169471911377,83.38790852811842,85.55846470216252,86.79976089444423,88.53095966812201,83.40118488279475
91,82.11564917390075,85.9510973422779,86.97371670706049,87.72606033644561,89.15779425125818,85.83221515674268
204,78.85858795712392,83.92157212131782,84.89733580727669,85.56352933670439,86.40442631332996,81.60039381455383
182,83.2789577667441,86.27937877659572,87.3238740311255,88.4698140377797,91.3770421591164,87.30077663205509
670,81.0033805348139,86.45644727028093,88.50754900182572,90.4986120976038,93.33294719288698,86.49493542077624
536,70.92095643359782,79.38070429194813,81.61606233273655,83.19764215312883,85.08055635360337,77.30412645294612
615,83.87207809406223,86.68794879371325,87.61470688199574,88.43548161088823,89.89852731336671,87.04092203477506
403,75.30146713359441,82.35515476577274,84.77506847168115,86.655742941166,90.07100486588872,82.61168606580588
472,77.48063847274103,82.98792611629989,84.33798785854158,85.27665213280292,86.44523033265021,81.54611538339465
479,77.1357434117973,84.24034653389758,86.19221224237174,87.51800473223572,89.58489049778717,83.84632276361354
476,79.78009042958011,84.96414967897135,87.02817454867072,88.76511594943037,91.33509114056938,85.11377320270581
617,77.14934740352413,83.44743330560597,84.85406066176257,85.82892039437387,87.06796007129041,80.67860986973858
52,84.06430929273448,86.09637387814134,86.82132239413613,87.41558436293974,88.29227799096371,85.8975656491522
